"doc","id","consensus_sem"
"Abattoir.html","0","isA"
"Abattoir.html","1","instanceOf"
"Abattoir.html","2","autre_lexical"
"Abattoir.html","3","isA"
"Abattoir.html","4","isA"
"Abattoir.html","5","autre_ontologique"
"Abattoir.html","6","isA"
"Abattoir.html","7","isA"
"Abattoir.html","8","isA"
"Abattoir.html","9","isA"
"Abattoir.html","10","isA"
"Abattoir.html","11","instanceOf"
"Abattoir.html","12","isA"
"Abattoir.html","13","isA"
"Abattoir.html","14","autre_ontologique"
"Abattoir.html","15","autre_ontologique"
"Abattoir.html","16","autre_ontologique"
"Abbaye.html","0","isA"
"Abbaye.html","1","isA"
"Abbaye.html","2"
"Abbaye.html","3","multilingue"
"Abbaye.html","4","autre_lexical"
"Abbaye.html","5","multilingue"
"Abbaye.html","6","autre_lexical"
"Abbaye.html","7","autre_ontologique"
"Abbaye.html","8","instanceOf"
"Abbaye.html","9","isA"
"Abbaye.html","10","partOf"
"Abbaye.html","11","isA"
"Abbaye.html","12","isA"
"Abbaye.html","14","multilingue"
"Abbaye.html","16"
"Abbaye.html","17","isA"
"Abbaye.html","18","instanceOf"
"Amer.html","0","homonymie"
"Anse.html","0","homonymie"
"Anse.html","1","isA"
"Antenne.html","0","homonymie"
"Antenne.html","1","homonymie"
"Antenne.html","2","isA"
"Antenne.html","3","autre_semantique"
"Aquaculture.html","0","autre_semantique"
"Aquaculture.html","1","autre_ontologique"
"Aquaculture.html","2","isA"
"Aquaculture.html","3"
"Aquaculture.html","5","isA"
"Aquaculture.html","6","isA"
"Aquaculture.html","7","isA"
"Aquaculture.html","8","isA"
"Aquaculture.html","9","isA"
"Aquaculture.html","11","isA"
"Aquaculture.html","13","autre_ontologique"
"Aquaculture.html","14","instanceOf"
"Aquaculture.html","15","autre_ontologique"
"Aquaculture.html","16","autre_ontologique"
"Aquaculture.html","17","autre_ontologique"
"Aquaculture.html","18","autre_semantique"
"Aquaculture.html","19"
"Aquaculture.html","20","isA"
"Aquaculture.html","22","autre_ontologique"
"Aquaculture.html","24","synonymie"
"Aquaculture.html","25","isA"
"Aquaculture.html","26","isA"
"Aqueduc.html","0","isA"
"Aqueduc.html","1","autre_ontologique"
"Aqueduc.html","2","instanceOf"
"Aqueduc.html","3","instanceOf"
"Arbre.html","0","autre_ontologique"
"Arbre.html","1"
"Arbre.html","2","isA"
"Arbre.html","3","isA"
"Arbre.html","4","isA"
"Arbre.html","7","isA"
"Arbre.html","8","isA"
"Arbre.html","9","isA"
"Arbre.html","11","isA"
"Arbre.html","12","instanceOf"
"Arbre.html","13","isA"
"Arbre.html","15","autre_ontologique"
"Arbre.html","16","isA"
"Arbre.html","18","isA"
"Arbre.html","19","isA"
"Arbre.html","20","isA"
"Arbre.html","21","isA"
"Arbre.html","22","autre_ontologique"
"Arbre.html","23","isA"
"Arbre.html","24","autre_semantique"
"Arbre.html","25","isA"
"Arbre.html","26","isA"
"Arbre.html","27","isA"
"Arbre.html","28","autre_lexical"
"Arc_de_triomphe.html","0","instanceOf"
"Arc_de_triomphe.html","1","instanceOf"
"Arc_de_triomphe.html","2","instanceOf"
"Arc_de_triomphe.html","3","instanceOf"
"Arc_de_triomphe.html","4","instanceOf"
"Arc_de_triomphe.html","5","instanceOf"
"Arc_de_triomphe.html","6","instanceOf"
"Arc_de_triomphe.html","7","instanceOf"
"Arc_de_triomphe.html","8","instanceOf"
"Arc_de_triomphe.html","9","instanceOf"
"Arc_de_triomphe.html","10","instanceOf"
"Arc_de_triomphe.html","11","instanceOf"
"Arc_de_triomphe.html","12","instanceOf"
"Arc_de_triomphe.html","15","instanceOf"
"Atelier.html","0","autre_lexical"
"Atelier.html","1","isA"
"Atelier.html","2","isA"
"Atelier.html","6","multilingue"
"Autoroute.html","0","autre_semantique"
"Autoroute.html","2","instanceOf"
"Autoroute.html","4"
"Autoroute.html","5","isA"
"Autoroute.html","7","instanceOf"
"Autoroute.html","8","autre_ontologique"
"Autoroute.html","10","partOf"
"Autoroute.html","11","partOf"
"Autoroute.html","12"
"Autoroute.html","13","isA"
"Autoroute.html","15","autre_ontologique"
"Autoroute.html","16","partOf"
"Autoroute.html","17","autre_ontologique"
"Autoroute.html","19","isA"
"Autoroute.html","20","isA"
"Autoroute.html","21","isA"
"Autoroute.html","22","isA"
"Autoroute.html","24","isA"
"Autoroute.html","25","instanceOf"
"Autoroute.html","27","autre_semantique"
"Aven.html","1","multilingue"
"Aven.html","2","multilingue"
"Aven.html","4","synonymie"
"Aven.html","5","synonymie"
"Aven.html","7","partOf"
"Aven.html","8","instanceOf"
"Aven.html","10","hyperonymie"
"Baie.html","0","homonymie"
"Baie.html","2","hyperonymie"
"Balise.html","0","homonymie"
"Balise.html","1","homonymie"
"Balise.html","2","homonymie"
"Balise.html","3","isA"
"Banc.html","0","homonymie"
"Banc.html","2","homonymie"
"Banc.html","3","hyperonymie"
"Banc.html","4","homonymie"
"Banc.html","5","homonymie"
"Barrage.html","0","isA"
"Barrage.html","2","isA"
"Barrage.html","4","isA"
"Barrage.html","5"
"Barrage.html","6","instanceOf"
"Barrage.html","8","isA"
"Barrage.html","9","autre_ontologique"
"Barrage.html","10","isA"
"Barrage.html","11","isA"
"Barrage.html","12","autre_ontologique"
"Barrage.html","13","isA"
"Barrage.html","15","isA"
"Barrage.html","16","isA"
"Barrage.html","17","partOf"
"Barrage.html","18","isA"
"Barrage.html","19","autre_ontologique"
"Barrage.html","20","isA"
"Barrage.html","21","isA"
"Barrage.html","23","isA"
"Barrage.html","24","isA"
"Barrage.html","25","partOf"
"Barrage.html","26","autre_semantique"
"Barrage.html","28","isA"
"Barrage.html","30","isA"
"Barrage.html","31","isA"
"Barrage.html","32","isA"
"Barrage.html","34","isA"
"Barrage.html","35","isA"
"Barrage.html","36","instanceOf"
"Barrage.html","37","instanceOf"
"Barrage.html","38","autre_ontologique"
"Barrage.html","39","autre_ontologique"
"Barrage.html","40","isA"
"Barrage.html","41","isA"
"Barrage.html","42"
"Base.html","1","homonymie"
"Base.html","2","homonymie"
"Base.html","3","isA"
"Base.html","4","homonymie"
"Base.html","5","isA"
"Base.html","6","homonymie"
"Base.html","7","homonymie"
"Beffroi.html","0","isA"
"Bief.html","0","isA"
"Bief.html","1","multilingue"
"Bief.html","2","multilingue"
"Bief.html","3"
"Bief.html","4","instanceOf"
"Bief.html","12","synonymie"
"Bois.html","1","isA"
"Bois.html","2","isA"
"Bois.html","3","isA"
"Bois.html","5","autre_semantique"
"Bois.html","6","isA"
"Bois.html","7","isA"
"Bois.html","8","isA"
"Bois.html","9","isA"
"Bois.html","11","isA"
"Bois.html","13","partOf"
"Bois.html","14","partOf"
"Bois.html","15","isA"
"Bois.html","16","isA"
"Bois.html","18","isA"
"Bois.html","26","isA"
"Bois.html","28","isA"
"Bois.html","29","isA"
"Bois.html","30","isA"
"Bois.html","31","isA"
"Bois.html","32","isA"
"Bois.html","33","isA"
"Bois.html","34","isA"
"Bois.html","35","isA"
"Bois.html","36","isA"
"Bois.html","37","autre_semantique"
"Bois.html","38","isA"
"Bois.html","40","isA"
"Bois.html","41","isA"
"Bois.html","42","isA"
"Bois.html","43","isA"
"Bois.html","44","isA"
"Bois.html","45","isA"
"Bois.html","46","isA"
"Bois.html","47","isA"
"Bois.html","48","isA"
"Bois.html","49","isA"
"Bois.html","50","isA"
"Bois.html","51","isA"
"Bois.html","52","isA"
"Bois.html","53","isA"
"Bois.html","54","autre_ontologique"
"Bois.html","55","isA"
"Bois.html","56","autre_semantique"
"Bois.html","58","isA"
"Bois.html","59","isA"
"Bois.html","60","isA"
"Bois.html","61","isA"
"Bois.html","62","isA"
"Bois.html","63","autre_semantique"
"Borne.html","1","homonymie"
"Borne.html","2","homonymie"
"Borne.html","3","homonymie"
"Borne.html","4","instanceOf"
"Borne.html","5","homonymie"
"Borne.html","6","homonymie"
"Bosquet.html","1","instanceOf"
"Bosquet.html","2","homonymie"
"Bosquet.html","3","homonymie"
"Bosquet.html","4","instanceOf"
"Bosquet.html","5","homonymie"
"Bouchot.html","0","autre_semantique"
"Bureau_de_poste.html","0","isA"
"Cabane.html","1","isA"
"Cabane.html","3","isA"
"Cabane.html","4","instanceOf"
"Cabane.html","5","instanceOf"
"Cabane.html","6","partOf"
"Cabane.html","7","isA"
"Cabane.html","8","synonymie"
"Calanque.html","0","multilingue"
"Calanque.html","1","instanceOf"
"Calanque.html","2","partOf"
"Calanque.html","3","instanceOf"
"Camp.html","0"
"Camp.html","1","isA"
"Camp.html","3","isA"
"Camp.html","4","isA"
"Camp.html","5","isA"
"Camp.html","6","isA"
"Camp.html","7","isA"
"Camp.html","8","homonymie"
"Camp.html","9","homonymie"
"Camping.html","0","isA"
"Camping.html","1","autre_semantique"
"Camping.html","2","isA"
"Camping.html","3","isA"
"Camping.html","4","isA"
"Camping.html","5","autre_ontologique"
"Camping.html","6","isA"
"Camping.html","7","isA"
"Camping.html","8","isA"
"Camping.html","9","partOf"
"Camping.html","10","partOf"
"Camping.html","12","autre_ontologique"
"Camping.html","13","isA"
"Camping.html","14","isA"
"Camping.html","15","isA"
"Camping.html","17","instanceOf"
"Camping.html","18","autre_ontologique"
"Camping.html","19","isA"
"Camping.html","20","instanceOf"
"Camping.html","21","instanceOf"
"Canal.html","1","homonymie"
"Canal.html","2","homonymie"
"Canal.html","3","homonymie"
"Canal.html","4","homonymie"
"Canal.html","6","isA"
"Canal.html","7","isA"
"Canalisation.html","0","isA"
"Canalisation.html","1","isA"
"Canalisation.html","2","autre_ontologique"
"Canalisation.html","3","isA"
"Canton.html","1","isA"
"Canton.html","3","homonymie"
"Cap.html","1","homonymie"
"Cap.html","2","homonymie"
"Cap.html","3","homonymie"
"Cap.html","5","autre_lexical"
"Cap.html","6","autre_lexical"
"Carrefour.html","1","isA"
"Casemate.html","1","isA"
"Casemate.html","2"
"Caserne_de_pompiers.html","0","synonymie"
"Caserne_de_pompiers.html","1","isA"
"Centrale_thermique.html","0","isA"
"Centrale_thermique.html","1","autre_ontologique"
"Centrale_thermique.html","2","isA"
"Centrale_thermique.html","3","isA"
"Centrale_thermique.html","4"
"Centrale_thermique.html","5","isA"
"Centrale_thermique.html","6","isA"
"Centrale_thermique.html","8","autre_ontologique"
"Centrale_thermique.html","9","isA"
"Centrale_thermique.html","10","autre_semantique"
"Centrale_thermique.html","12","instanceOf"
"Centrale_thermique.html","13","isA"
"Centrale_thermique.html","15","partOf"
"Centrale_thermique.html","16","isA"
"Centrale_thermique.html","18","autre_semantique"
"Centrale_thermique.html","19","isA"
"Centrale_thermique.html","20","partOf"
"Centrale_thermique.html","21","isA"
"Centrale_thermique.html","22","autre_ontologique"
"Centre_commercial.html","0","autre_semantique"
"Centre_commercial.html","1","instanceOf"
"Centre_commercial.html","2","isA"
"Centre_commercial.html","5","autre_ontologique"
"Centre_commercial.html","7","isA"
"Centre_culturel.html","0","instanceOf"
"Centre_culturel.html","1","autre_ontologique"
"Centre_culturel.html","2","autre_ontologique"
"Chalet.html","1","instanceOf"
"Chalet.html","2","instanceOf"
"Chalet.html","3","instanceOf"
"Chalet.html","4","autre_ontologique"
"Chalet.html","5","instanceOf"
"Champ_de_tir.html","1","isA"
"Champ_de_tir.html","2","autre_ontologique"
"Chaos.html","0","homonymie"
"Chaos.html","1","homonymie"
"Chaos.html","3"
"Chaos.html","4","homonymie"
"Chaos.html","5","homonymie"
"Chaos.html","6","homonymie"
"Chapelle.html","0","isA"
"Chapelle.html","1","isA"
"Chapelle.html","2","isA"
"Chemin.html","0","instanceOf"
"Chute_d'eau.html","0","instanceOf"
"Cirque.html","0","isA"
"Cirque.html","2","instanceOf"
"Cirque.html","3","isA"
"Cirque.html","5","isA"
"Cirque.html","7","instanceOf"
"Cirque.html","13","instanceOf"
"Cirque.html","15","instanceOf"
"Cirque.html","16","instanceOf"
"Cirque.html","17","instanceOf"
"Cirque.html","18","instanceOf"
"Cirque.html","19","instanceOf"
"Cirque.html","20","instanceOf"
"Cirque.html","21","isA"
"Cirque.html","22","isA"
"Cirque.html","23","isA"
"Cirque.html","24","isA"
"Cirque.html","25","isA"
"Cirque.html","26","isA"
"Cirque.html","27","isA"
"Cirque.html","28","isA"
"Cirque.html","29","isA"
"Cirque.html","30","instanceOf"
"Cirque.html","31","isA"
"Cirque.html","34","instanceOf"
"Cirque.html","35","instanceOf"
"Cirque.html","36","instanceOf"
"Cirque.html","38","instanceOf"
"Cirque.html","39","instanceOf"
"Cirque.html","40","instanceOf"
"Cirque.html","41","instanceOf"
"Cirque.html","42","instanceOf"
"Cirque.html","43","instanceOf"
"Cirque.html","44","instanceOf"
"Cirque.html","45","instanceOf"
"Cirque.html","46","instanceOf"
"Cirque.html","47","instanceOf"
"Cirque.html","48","instanceOf"
"Cirque.html","49","instanceOf"
"Cirque.html","50","instanceOf"
"Cirque.html","51","instanceOf"
"Cirque.html","52","instanceOf"
"Cirque.html","53","instanceOf"
"Cirque.html","54","instanceOf"
"Cirque.html","55","instanceOf"
"Cirque.html","56","instanceOf"
"Cirque.html","57","instanceOf"
"Cirque.html","58","instanceOf"
"Cirque.html","59","instanceOf"
"Citadelle.html","0","instanceOf"
"Citadelle.html","1","instanceOf"
"Citadelle.html","2","instanceOf"
"Citadelle.html","3","instanceOf"
"Citadelle.html","4","instanceOf"
"Citadelle.html","5","instanceOf"
"Citadelle.html","6","instanceOf"
"Citadelle.html","7","instanceOf"
"Clocher.html","0","autre_ontologique"
"Clocher.html","3","instanceOf"
"Clocher.html","4","autre_semantique"
"Cluse.html","1","instanceOf"
"Cluse.html","2","instanceOf"
"Colline.html","0","autre_lexical"
"Colline.html","1","autre_lexical"
"Colonie_de_vacances.html","0","instanceOf"
"Construction.html","0","isA"
"Construction.html","1","isA"
"Construction.html","2","partOf"
"Construction.html","3","partOf"
"Construction.html","4","isA"
"Construction.html","5","isA"
"Construction.html","6","isA"
"Construction.html","7","isA"
"Construction.html","8","isA"
"Construction.html","9","isA"
"Construction.html","10","isA"
"Construction.html","11","isA"
"Cours_d'eau.html","0","isA"
"Cours_d'eau.html","1","synonymie"
"Cours_d'eau.html","2","isA"
"Cours_d'eau.html","4","instanceOf"
"Cours_d'eau.html","5"
"Cours_d'eau.html","6","isA"
"Cours_d'eau.html","7","autre_ontologique"
"Crique.html","0","homonymie"
"Crique.html","1","homonymie"
"Culte.html","0","homonymie"
"Culte.html","1","isA"
"Culte.html","2","isA"
"Culte.html","3","isA"
"Culte.html","4","autre_ontologique"
"Culte_protestant.html","0","partOf"
"Culte_protestant.html","1","isA"
"Culte_protestant.html","2","isA"
"Culte_protestant.html","3","isA"
"Culte_protestant.html","4","isA"
"Culte_protestant.html","5","isA"
"Culture.html","0","multilingue"
"Culture.html","1","homonymie"
"Culture.html","2","isA"
"Culture.html","5","partOf"
"Culture.html","6","isA"
"Culture.html","8","partOf"
"Culture.html","9","instanceOf"
"Culture.html","10","isA"
"Culture.html","11","isA"
"Culture.html","12","isA"
"Culture.html","13","isA"
"Culture.html","14","isA"
"Culture.html","15","isA"
"Culture.html","16","instanceOf"
"Culture.html","17"
"Culture.html","18","autre_ontologique"
"Culture.html","19","autre_semantique"
"Culture.html","20","autre_ontologique"
"Culture.html","21","instanceOf"
"Culture.html","23","isA"
"Culture.html","24","autre_ontologique"
"Culture.html","25","partOf"
"Culture.html","26","isA"
"Culture.html","27","isA"
"Culture.html","28","instanceOf"
"Culture.html","29","isA"
"Culture.html","30","isA"
"Culture.html","31","isA"
"Culture.html","32","isA"
"Culture.html","33","isA"
"Culture.html","34","isA"
"Delta.html","0","autre_lexical"
"Delta.html","1","homonymie"
"Delta.html","4","homonymie"
"Digue.html","0","isA"
"Digue.html","1","isA"
"Digue.html","2","isA"
"Digue.html","3","isA"
"Digue.html","4","isA"
"Digue.html","7","isA"
"Digue.html","8","isA"
"Digue.html","9","isA"
"Digue.html","11","isA"
"Digue.html","12","isA"
"Digue.html","13","isA"
"Digue.html","14","isA"
"Digue.html","15","isA"
"Doline.html","0","multilingue"
"Doline.html","1","partOf"
"Doline.html","2","isA"
"Doline.html","3","isA"
"Dolmen.html","0","isA"
"Dolmen.html","2","multilingue"
"Dolmen.html","3","isA"
"Dolmen.html","4","isA"
"Dolmen.html","5","partOf"
"Donjon.html","0","synonymie"
"Dune.html","0","isA"
"Dune.html","2","isA"
"Dune.html","3","isA"
"Dune.html","4","isA"
"Eau.html","1","isA"
"Eau.html","2","isA"
"Eau.html","3","partOf"
"Eau.html","5","isA"
"Eau.html","6","isA"
"Eau.html","7","isA"
"Eau.html","8","isA"
"Eau.html","9","isA"
"Eau.html","10","autre_semantique"
"Eau.html","11","autre_ontologique"
"Eau.html","12","autre_ontologique"
"Eau.html","13","autre_semantique"
"Eau.html","14","autre_ontologique"
"Eau.html","15","isA"
"Eau.html","16","autre_semantique"
"Eau.html","17"
"Eau.html","18","isA"
"Eau.html","19","isA"
"Eau.html","20","isA"
"Eau.html","21","isA"
"Eau.html","22","isA"
"Eau.html","23","isA"
"Eau.html","24","isA"
"Eau.html","25","autre_semantique"
"Eau.html","26","isA"
"Eau.html","27","isA"
"Eau.html","28","isA"
"Eau.html","29","isA"
"Eau.html","30","autre_semantique"
"Eau.html","31","autre_semantique"
"Eau.html","32","isA"
"Eau.html","33","autre_ontologique"
"Eau.html","34","autre_semantique"
"Eau.html","35","isA"
"Eau.html","36","autre_ontologique"
"Enseignement.html","0","isA"
"Enseignement.html","1","multilingue"
"Enseignement.html","2","isA"
"Enseignement.html","3","isA"
"Enseignement.html","4","isA"
"Enseignement.html","5","isA"
"Enseignement.html","6","autre_ontologique"
"Enseignement_primaire.html","0","isA"
"Enseignement_secondaire.html","0","partOf"
"Enseignement_secondaire.html","1","partOf"
"Enseignement_secondaire.html","2","partOf"
"Enseignement_secondaire.html","3","partOf"
"Enseignement_secondaire.html","4","isA"
"Enseignement_secondaire.html","5","isA"
"Enseignement_secondaire.html","6","partOf"
"Enseignement_secondaire.html","7","isA"
"Enseignement_secondaire.html","8","partOf"
"Enseignement_secondaire.html","9","isA"
"Escalier.html","0"
"Escalier.html","1","isA"
"Estuaire.html","1","isA"
"Estuaire.html","2","instanceOf"
"Estuaire.html","3","isA"
"Estuaire.html","4","isA"
"Estuaire.html","5"
"Estuaire.html","6","partOf"
"Estuaire.html","8","instanceOf"
"Estuaire.html","9","isA"
"Estuaire.html","10","autre_ontologique"
"Estuaire.html","11","autre_ontologique"
"Estuaire.html","12","isA"
"Estuaire.html","13","isA"
"Estuaire.html","15","isA"
"Estuaire.html","16","isA"
"Estuaire.html","17","isA"
"Estuaire.html","19","isA"
"Estuaire.html","20","isA"
"Estuaire.html","21","instanceOf"
"Estuaire.html","22","instanceOf"
"Estuaire.html","23","partOf"
"Estuaire.html","24","instanceOf"
"Fabrique.html","1","homonymie"
"Fabrique.html","2","isA"
"Fabrique.html","3","homonymie"
"Fabrique.html","4","isA"
"Fabrique.html","5","isA"
"Falaise.html","0","isA"
"Falaise.html","1","isA"
"Falaise.html","2","autre_ontologique"
"Falaise.html","3","isA"
"Falaise.html","4","autre_ontologique"
"Falaise.html","5","partOf"
"Falaise.html","6","partOf"
"Falaise.html","7","partOf"
"Falaise.html","8","instanceOf"
"Faubourg.html","0","instanceOf"
"Faubourg.html","1","isA"
"Faubourg.html","3","instanceOf"
"Faubourg.html","4","instanceOf"
"Faubourg.html","5","instanceOf"
"Fleuve.html","0","instanceOf"
"Fleuve.html","1","isA"
"Fleuve.html","2","autre_ontologique"
"Fleuve.html","3","instanceOf"
"Fleuve.html","5","autre_lexical"
"Fleuve.html","6","isA"
"Fleuve.html","7","instanceOf"
"Foire.html","0","homonymie"
"Foire.html","1","instanceOf"
"Foire.html","2","instanceOf"
"Fontaine.html","0"
"Fontaine.html","1","instanceOf"
"Fontaine.html","2","isA"
"Fontaine.html","3","instanceOf"
"Fontaine.html","4","partOf"
"Fontaine.html","5","instanceOf"
"Fontaine.html","6","homonymie"
"Fontaine.html","7","instanceOf"
"Fontaine.html","9","homonymie"
"Fontaine.html","10","homonymie"
"Fontaine.html","11","homonymie"
"Fontaine.html","12","instanceOf"
"Fontaine.html","13","homonymie"
"Funiculaire.html","2","autre_semantique"
"Funiculaire.html","3","autre_semantique"
"Gare.html","0","isA"
"Gare.html","1","isA"
"Gare.html","3","isA"
"Gare.html","5","isA"
"Gare.html","6","isA"
"Gazoduc.html","0","isA"
"Gazoduc.html","1","isA"
"Gazoduc.html","2","isA"
"Gazoduc.html","3","partOf"
"Gazoduc.html","4","isA"
"Gendarmerie.html","0","isA"
"Gendarmerie.html","2","autre_semantique"
"Glacier.html","0","isA"
"Glacier.html","1","isA"
"Golf.html","0","multilingue"
"Golf.html","1","multilingue"
"Golf.html","2","isA"
"Golf.html","7","autre_ontologique"
"Golf.html","8","instanceOf"
"Golf.html","10","instanceOf"
"Golf.html","11","autre_semantique"
"Golf.html","12","isA"
"Golf.html","13","isA"
"Golf.html","14","isA"
"Golf.html","15","isA"
"Golf.html","16","isA"
"Golf.html","17","isA"
"Golf.html","18","autre_semantique"
"Golf.html","19","isA"
"Golf.html","20","isA"
"Golf.html","21","isA"
"Golf.html","22","hyperonymie"
"Golf.html","23","hyperonymie"
"Golf.html","24","hyperonymie"
"Golf.html","26","isA"
"Golf.html","27","isA"
"Golf.html","30","instanceOf"
"Golf.html","31","instanceOf"
"Golf.html","33","instanceOf"
"Golf.html","34","instanceOf"
"Golf.html","35","instanceOf"
"Golf.html","36","instanceOf"
"Golf.html","37","instanceOf"
"Golf.html","38","instanceOf"
"Golf.html","39","instanceOf"
"Golf.html","40","isA"
"Gouffre.html","0","synonymie"
"Gouffre.html","1","autre_ontologique"
"Gouffre.html","3","instanceOf"
"Grand_magasin.html","0","instanceOf"
"Grand_magasin.html","1","instanceOf"
"Grand_magasin.html","2","isA"
"Grand_magasin.html","3","instanceOf"
"Grand_magasin.html","4","instanceOf"
"Grand_magasin.html","5","instanceOf"
"Grand_magasin.html","6","instanceOf"
"Grand_magasin.html","7","instanceOf"
"Grotte.html","0","isA"
"Grotte.html","1","isA"
"Grotte.html","2","instanceOf"
"Haie.html","0","autre_ontologique"
"Haie.html","1","isA"
"Haie.html","3","isA"
"Haie.html","4","isA"
"Haie.html","6","isA"
"Haie.html","7","isA"
"Haie.html","8","isA"
"Halle.html","0","homonymie"
"Halle.html","2","homonymie"
"Halle.html","3","homonymie"
"Halle.html","4","homonymie"
"Hameau.html","0","instanceOf"
"Hameau.html","1","instanceOf"
"Haut_fourneau.html","0","isA"
"Haut_fourneau.html","1","autre_semantique"
"Haut_fourneau.html","2","isA"
"Haut_fourneau.html","3","autre_semantique"
"Haut_fourneau.html","4","isA"
"Haut_fourneau.html","5","autre_semantique"
"Haut_fourneau.html","7","autre_ontologique"
"Haut_fourneau.html","8","isA"
"Haut_fourneau.html","9","isA"
"Haut_fourneau.html","10","isA"
"Haut_fourneau.html","11","autre_ontologique"
"Haut_fourneau.html","12","isA"
"Haut_fourneau.html","13","isA"
"Haut_fourneau.html","14","isA"
"Haut_fourneau.html","15","isA"
"Hippodrome.html","1","instanceOf"
"Hippodrome.html","2","instanceOf"
"Hippodrome.html","3","instanceOf"
"Hippodrome.html","4","instanceOf"
"Hippodrome.html","5","instanceOf"
"Hippodrome.html","6","instanceOf"
"Hippodrome.html","7","instanceOf"
"Hippodrome.html","8","instanceOf"
"Hippodrome.html","9","instanceOf"
"Hippodrome.html","10","instanceOf"
"Hippodrome.html","11","instanceOf"
"Hippodrome.html","12","instanceOf"
"Hippodrome.html","13","instanceOf"
"Hippodrome.html","14","instanceOf"
"Hippodrome.html","15","instanceOf"
"Hippodrome.html","16","instanceOf"
"Hippodrome.html","17","instanceOf"
"Hippodrome.html","18","isA"
"Hippodrome.html","19","instanceOf"
"Hippodrome.html","20","instanceOf"
"Hippodrome.html","21","instanceOf"
"Hippodrome.html","22","instanceOf"
"Hippodrome.html","23","instanceOf"
"Hippodrome.html","24","instanceOf"
"Hippodrome.html","25","instanceOf"
"Hippodrome.html","26","instanceOf"
"Hippodrome.html","27","instanceOf"
"Hippodrome.html","28","instanceOf"
"Hippodrome.html","29","instanceOf"
"Hippodrome.html","30","instanceOf"
"Hippodrome.html","31","instanceOf"
"Hippodrome.html","32","instanceOf"
"Hippodrome.html","33","instanceOf"
"Hippodrome.html","34","instanceOf"
"Hippodrome.html","35","instanceOf"
"Hippodrome.html","36","instanceOf"
"Hippodrome.html","37","instanceOf"
"Hippodrome.html","38","instanceOf"
"Hippodrome.html","39","instanceOf"
"Hippodrome.html","40","instanceOf"
"Hippodrome.html","41","instanceOf"
"Hippodrome.html","42","instanceOf"
"Hippodrome.html","43","instanceOf"
"Hippodrome.html","44","instanceOf"
"Hippodrome.html","45","instanceOf"
"Hippodrome.html","46","instanceOf"
"Hippodrome.html","47","instanceOf"
"Hippodrome.html","48","instanceOf"
"Hippodrome.html","49","instanceOf"
"Hippodrome.html","50","instanceOf"
"Hippodrome.html","51","instanceOf"
"Hippodrome.html","52","instanceOf"
"Hospice.html","0","instanceOf"
"Hospice.html","2","homonymie"
"Hospice.html","3","homonymie"
"Institut.html","0","multilingue"
"Isthme.html","0","instanceOf"
"Isthme.html","1","instanceOf"
"Jardin.html","0","partOf"
"Jardin.html","3","isA"
"Jardin.html","4","autre_semantique"
"Jardin.html","5","isA"
"Jardin.html","6","isA"
"Jardin.html","7","isA"
"Jardin.html","8","isA"
"Jardin.html","9","isA"
"Jardin.html","10","partOf"
"Jardin.html","11","isA"
"Jardin.html","13","isA"
"Jardin.html","14","autre_ontologique"
"Lac.html","2","isA"
"Lac.html","3","autre_semantique"
"Lac.html","4","autre_semantique"
"Lac.html","6","instanceOf"
"Lac.html","8","autre_semantique"
"Lac.html","9","isA"
"Lac.html","10","isA"
"Lac.html","11","autre_semantique"
"Lac.html","12","isA"
"Lac.html","13","isA"
"Lac.html","14","isA"
"Lieu-dit.html","0","hyperonymie"
"Lieu-dit.html","1","hyperonymie"
"Lieu-dit.html","2","hyperonymie"
"Lieu-dit.html","3","hyperonymie"
"Lotissement.html","0","autre_semantique"
"Lotissement.html","4","isA"
"Lotissement.html","5","autre_ontologique"
"Lotissement.html","6","isA"
"Mangrove.html","0","isA"
"Mangrove.html","1","autre_semantique"
"Mangrove.html","2","autre_ontologique"
"Mangrove.html","4","instanceOf"
"Mangrove.html","5","instanceOf"
"Mangrove.html","6","isA"
"Mangrove.html","7","isA"
"Mangrove.html","8","isA"
"Mangrove.html","9","autre_semantique"
"Manufacture.html","1","instanceOf"
"Manufacture.html","3","instanceOf"
"Marais_salant.html","4","instanceOf"
"Marais_salant.html","5","instanceOf"
"Mare.html","2","autre_semantique"
"Mare.html","3","autre_ontologique"
"Mare.html","4","isA"
"Mare.html","5","isA"
"Mare.html","8","isA"
"Mare.html","10","isA"
"Mare.html","11","autre_ontologique"
"Mare.html","12","isA"
"Mare.html","13","isA"
"Mare.html","14","isA"
"Mare.html","15","isA"
"Mare.html","16","isA"
"Mare.html","17","isA"
"Mare.html","18","isA"
"Mare.html","19","isA"
"Mare.html","20","isA"
"Mare.html","21","isA"
"Mare.html","22","isA"
"Mare.html","24","isA"
"Mare.html","25","autre_ontologique"
"Mare.html","26","isA"
"Mare.html","27","isA"
"Mare.html","29","autre_ontologique"
"Mare.html","30","isA"
"Mare.html","31","autre_ontologique"
"Mare.html","32","isA"
"Mare.html","33","isA"
"Menhir.html","0","multilingue"
"Menhir.html","1","isA"
"Menhir.html","2","isA"
"Menhir.html","4","isA"
"Menhir.html","6","partOf"
"Menhir.html","7","partOf"
"Menhir.html","8","partOf"
"Menhir.html","9","partOf"
"Menhir.html","10","partOf"
"Mer.html","1","partOf"
"Mer.html","3","isA"
"Mer.html","4","isA"
"Mer.html","5","isA"
"Mer.html","6","isA"
"Mer.html","8","isA"
"Mer.html","9","isA"
"Militaire.html","0","instanceOf"
"Militaire.html","1","partOf"
"Militaire.html","3","isA"
"Militaire.html","4","isA"
"Militaire.html","5","partOf"
"Minaret.html","0","autre_lexical"
"Minaret.html","1","multilingue"
"Minaret.html","2","isA"
"Minaret.html","4","instanceOf"
"Mine.html","1","homonymie"
"Mine.html","2","isA"
"Mine.html","3","hyperonymie"
"Mine.html","4","isA"
"Mine.html","5","autre_lexical"
"Minoterie.html","0","isA"
"Minoterie.html","2","isA"
"Minoterie.html","3","autre_ontologique"
"Montagne.html","0","isA"
"Montagne.html","1","isA"
"Montagne.html","2","isA"
"Montagne.html","3","isA"
"Montagne.html","4","isA"
"Montagne.html","6","synonymie"
"Montagne.html","7","isA"
"Montagne.html","8","autre_ontologique"
"Montagne.html","9","instanceOf"
"Montagne.html","10","instanceOf"
"Montagne.html","11","isA"
"Montagne.html","12","isA"
"Montagne.html","13","isA"
"Montagne.html","14","instanceOf"
"Montagne.html","15","instanceOf"
"Montagne.html","16","isA"
"Montagne.html","17","isA"
"Montagne.html","18","autre_semantique"
"Montagne.html","19","isA"
"Montagne.html","23","isA"
"Montagne.html","24","isA"
"Montagne.html","25","instanceOf"
"Montagne.html","29","isA"
"Montagne.html","30","isA"
"Montagne.html","31","isA"
"Montagne.html","32","isA"
"Montagne.html","33","partOf"
"Montagne.html","34","partOf"
"Montagne.html","35","partOf"
"Montagne.html","36","partOf"
"Montagne.html","37","isA"
"Montagne.html","38","isA"
"Montagne.html","39","autre_ontologique"
"Montagne.html","40","isA"
"Montagne.html","42","isA"
"Montagne.html","43","isA"
"Mont.html","0","autre_lexical"
"Mont.html","2","homonymie"
"Mont.html","3","autre_lexical"
"Mont.html","4","homonymie"
"Mont.html","5","homonymie"
"Mont.html","6","autre_lexical"
"Mont.html","7","autre_lexical"
"Monument.html","0","isA"
"Monument.html","1","isA"
"Monument.html","3","isA"
"Moraine.html","0","isA"
"Moraine.html","1","isA"
"Mur_anti-bruit.html","0","isA"
"Mur_anti-bruit.html","1","autre_semantique"
"Mur_anti-bruit.html","2","isA"
"Mur_anti-bruit.html","3","isA"
"Mur_anti-bruit.html","4","isA"
"Observatoire.html","0","homonymie"
"Oronyme.html","0","isA"
"Parc_de_loisirs.html","0","isA"
"Parc_de_loisirs.html","2","instanceOf"
"Parc.html","0","isA"
"Parc.html","1","isA"
"Parc.html","2","isA"
"Parc_zoologique.html","0","isA"
"Parc_zoologique.html","1","isA"
"Parking.html","0","isA"
"Parking.html","1","isA"
"Parking.html","3","autre_ontologique"
"Parking.html","4","isA"
"Parking.html","5","isA"
"Parking.html","6","autre_ontologique"
"Passage.html","0","homonymie"
"Passage.html","1","homonymie"
"Passage.html","2","homonymie"
"Passe.html","1","homonymie"
"Passe.html","2","homonymie"
"Passe.html","3","homonymie"
"Passe.html","4","homonymie"
"Passe.html","6","autre_lexical"
"Phare.html","0","isA"
"Phare.html","1","isA"
"Phare.html","2","instanceOf"
"Phare.html","3","isA"
"Phare.html","4","partOf"
"Phare.html","5","isA"
"Phare.html","6","isA"
"Phare.html","7","isA"
"Phare.html","8","isA"
"Phare.html","9","synonymie"
"Phare.html","10","isA"
"Phare.html","11","partOf"
"Phare.html","12","autre_semantique"
"Pic.html","1","homonymie"
"Pic.html","2","homonymie"
"Pic.html","3","homonymie"
"Pic.html","4","homonymie"
"Pic.html","5","homonymie"
"Pic.html","6","autre_lexical"
"Piscine.html","0","partOf"
"Piscine.html","1","autre_ontologique"
"Piscine.html","2","isA"
"Piscine.html","3","isA"
"Piscine.html","4","isA"
"Piscine.html","5","isA"
"Piscine.html","6","isA"
"Piscine.html","7","isA"
"Place.html","0","homonymie"
"Place.html","1","autre_lexical"
"Plaine.html","0","isA"
"Plaine.html","1","instanceOf"
"Plantation.html","0","autre_semantique"
"Plateau.html","0","homonymie"
"Plateau.html","1","homonymie"
"Plateau.html","3","homonymie"
"Plateau.html","5","homonymie"
"Plateau.html","6","autre_lexical"
"Plateau.html","7","autre_lexical"
"Point_de_vue.html","1","homonymie"
"Point_de_vue.html","2","homonymie"
"Pointe.html","0","homonymie"
"Pointe.html","1","homonymie"
"Pont-canal.html","0","instanceOf"
"Pont.html","0","isA"
"Pont.html","1","isA"
"Pont.html","2","isA"
"Pont_mobile.html","0","isA"
"Pont_suspendu.html","0","isA"
"Pont_suspendu.html","1","isA"
"Pont_suspendu.html","2","isA"
"Pont_suspendu.html","3","isA"
"Pont_suspendu.html","4","partOf"
"Pont_suspendu.html","5","isA"
"Pont_transbordeur.html","0","isA"
"Porte_de_ville.html","0","instanceOf"
"Porte_de_ville.html","1","instanceOf"
"Porte_de_ville.html","2","instanceOf"
"Porte_de_ville.html","3","isA"
"Porte_de_ville.html","4","isA"
"Porte_de_ville.html","5","isA"
"Porte_de_ville.html","6","isA"
"Porte_de_ville.html","7","isA"
"Porte_de_ville.html","8","isA"
"Porte_de_ville.html","9","isA"
"Porte_de_ville.html","10","isA"
"Porte_de_ville.html","11","instanceOf"
"Port.html","0","autre_semantique"
"Port.html","1","isA"
"Port.html","2","autre_ontologique"
"Port.html","3","isA"
"Port.html","4","isA"
"Port.html","5","isA"
"Port.html","6","isA"
"Port.html","7","isA"
"Port.html","8","isA"
"Port.html","9","isA"
"Port.html","10","instanceOf"
"Portique.html","0","homonymie"
"Portique.html","1","homonymie"
"Prison.html","0","isA"
"Prison.html","1","isA"
"Prison.html","2","autre_semantique"
"Prison.html","3","isA"
"Puits.html","0","homonymie"
"Puits.html","1","isA"
"Puits.html","2","isA"
"Puits.html","3","homonymie"
"Radar.html","0","isA"
"Radar.html","1","partOf"
"Radar.html","2","isA"
"Radar.html","3","autre_ontologique"
"Radar.html","4","autre_semantique"
"Radar.html","5","autre_ontologique"
"Radar.html","6","autre_semantique"
"Radar.html","7","isA"
"Radar.html","8","autre_semantique"
"Radar.html","10","autre_semantique"
"Radar.html","11","isA"
"Radar.html","12","isA"
"Radar.html","13","isA"
"Radar.html","14","isA"
"Radar.html","15","isA"
"Radier.html","0","autre_semantique"
"Radier.html","1","autre_semantique"
"Radier.html","2","isA"
"Radier.html","3","autre_semantique"
"Rigole.html","0","autre_lexical"
"Rigole.html","1","autre_lexical"
"Rocher.html","0","autre_lexical"
"Rocher.html","1","homonymie"
"Rocher.html","2","autre_lexical"
"Rocher.html","3","autre_lexical"
"Rocher.html","4","autre_lexical"
"Route.html","0","isA"
"Route.html","1","isA"
"Route.html","2","isA"
"Route.html","3","isA"
"Route.html","4","instanceOf"
"Saline.html","1","homonymie"
"Saline.html","2","autre_lexical"
"Sanatorium.html","0","autre_ontologique"
"Science.html","1","isA"
"Science.html","2","isA"
"Science.html","3","partOf"
"Science.html","4","isA"
"Science.html","5","isA"
"Science.html","6","isA"
"Science.html","7","isA"
"Science.html","8","isA"
"Science.html","9","isA"
"Science.html","10","partOf"
"Science.html","11","isA"
"Science.html","12","isA"
"Science.html","13","isA"
"Science.html","14","isA"
"Science.html","15","isA"
"Science.html","16","autre_ontologique"
"Science.html","17","isA"
"Science.html","18","isA"
"Scierie.html","0","partOf"
"Sentier.html","0","homonymie"
"Sentier.html","1","homonymie"
"Sentier.html","2","autre_lexical"
"Sentier.html","3","autre_lexical"
"Silo.html","0","homonymie"
"Silo.html","1","homonymie"
"Silo.html","2","autre_lexical"
"Source.html","0","autre_lexical"
"Source.html","1","autre_semantique"
"Source.html","2","synonymie"
"Source.html","3","isA"
"Source.html","4","autre_lexical"
"Source.html","5","homonymie"
"Source.html","6","homonymie"
"Source.html","7","homonymie"
"Source.html","8","homonymie"
"Sport.html","0","isA"
"Sport.html","1","instanceOf"
"Sport.html","2","instanceOf"
"Sport.html","3","instanceOf"
"Sport.html","4","instanceOf"
"Sport.html","5","instanceOf"
"Sport.html","6","instanceOf"
"Sport.html","7","instanceOf"
"Sport.html","8","instanceOf"
"Sport.html","9","instanceOf"
"Sport.html","10","instanceOf"
"Sport.html","11","instanceOf"
"Station.html","0","isA"
"Station.html","1","isA"
"Station.html","2","isA"
"Station.html","3","isA"
"Station.html","4","homonymie"
"Synagogue.html","0","partOf"
"Synagogue.html","1","isA"
"Synagogue.html","2","autre_semantique"
"Talus.html","1","isA"
"Temple.html","0","homonymie"
"Temple.html","1","instanceOf"
"Temple.html","2","instanceOf"
"Temple.html","3","instanceOf"
"Temple.html","4","isA"
"Terril.html","0","autre_semantique"
"Tour.html","0","homonymie"
"Tour.html","2","homonymie"
"Tour.html","3","autre_lexical"
"Tribunal.html","0","instanceOf"
"Tribunal.html","1","instanceOf"
"Tumulus.html","0","instanceOf"
"Tumulus.html","1","instanceOf"
"Tunnel.html","0","autre_semantique"
"Usine.html","0","autre_ontologique"
"Usine.html","1","partOf"
"Usine.html","2","partOf"
"Usine.html","3","isA"
"Usine.html","4","isA"
"Val.html","0","instanceOf"
"Val.html","1","instanceOf"
"Val.html","2","instanceOf"
"Val.html","3","autre_lexical"
"Val.html","4","autre_lexical"
"Val.html","5","homonymie"
"Vanne.html","0","partOf"
"Vanne.html","1","isA"
"Vanne.html","2","isA"
"Vanne.html","3","isA"
"Vanne.html","4","isA"
"Verger.html","0","isA"
"Verger.html","1","isA"
"Viaduc.html","1","instanceOf"
"Viaduc.html","2","instanceOf"
"Viaduc.html","3","instanceOf"
"Vigne.html","1","isA"
"Vigne.html","2","isA"
"Vigne.html","3","isA"
"Vigne.html","4","isA"
"Vigne.html","5","isA"
"Vigne.html","6","isA"
"Vigne.html","7","autre_semantique"
"Vigne.html","8","isA"
"Vigne.html","9","isA"
"Vigne.html","10","autre_semantique"
"Vigne.html","11","isA"
"Vigne.html","12","autre_semantique"
"Vigne.html","13","autre_ontologique"
"Vigne.html","14","isA"
"Vigne.html","15","isA"
"Vigne.html","16","isA"
"Vigne.html","17","isA"
"Vigne.html","18","isA"
"Vigne.html","19","isA"
"Vigne.html","20","isA"
"Vigne.html","21","isA"
"Vigne.html","23","isA"
"Vigne.html","28","isA"
"Vigne.html","29","isA"
"Vigne.html","30","autre_semantique"
"Vigne.html","31","isA"
"Vigne.html","32","isA"
"Volcan.html","0","isA"
"Volcan.html","1","isA"
"Volcan.html","2","isA"
"Volcan.html","3","isA"
"Volcan.html","4","partOf"
"Volcan.html","5","autre_semantique"
"Volcan.html","6","autre_semantique"
"Volcan.html","7","isA"
"Volcan.html","8","instanceOf"
"Volcan.html","9","instanceOf"
